abandon , to give up completely
abase , to humble or degrade
abash , to embarrass
abate , to lessen
abbreviate , to shorten
abdicate , to give up power
aberrant , abnormal
abet , to encourage wrongdoing
abeyance , temporary suspension
abhor , to hate
abiding , lasting
abject , wretched
abjure , to renounce
abnegate , to deny oneself
abominate , to loathe
aboveboard , honest
abrade , to wear away
abreast , side by side; up to date
abridge , to shorten
abrogate , to repeal
abscond , to leave secretly
absent , missing; to take away
absolute , complete
absolve , to forgive
abstain , to refrain
abstemious , moderate in eating/drinking
abstract , theoretical; to summarize
abstruse , hard to understand
absurd , ridiculous
abundant , plentiful
abuse , misuse; cruel treatment
abut , to border on
abysmal , very bad; bottomless
accede , to agree
accelerate , to speed up
accessible , easy to reach
accessory , extra item; accomplice
accidental , unintended
acclaim , praise
acclimate , to adjust to climate
accolade , honor
accommodate , to provide; adapt
accomplish , to achieve
accord , agreement
accost , to approach aggressively
accrete , to grow together
accumulate , to collect
acerbic , sharp in tone
acknowledge , to admit
acme , peak
acquiesce , to comply passively
acquire , to obtain
acquisitive , greedy
acrid , bitter
acrimonious , spiteful
acumen , sharp insight
acute , sharp; severe
ad-lib , improvise
adamant , unyielding
adapt , to adjust
addict , dependent user
adhere , to stick
adjourn , to suspend
adjudicate , to judge
adjunct , addition
admonish , to warn
adore , to love
adulate , to flatter excessively
adulterate , to corrupt
adumbrate , to outline
adventitious , accidental
adversary , opponent
adversity , hardship
advert , to refer to
advocate , to support; supporter
affable , friendly
affectation , fake behavior
affinity , natural liking
affirm , to assert
affix , to attach
affliction , suffering
affluent , wealthy
agape , open-mouthed; amazed
aggrandize , to exaggerate power/wealth
aggravate , to worsen
aggregate , total; to combine
aggressive , hostile
aggrieve , to distress
agility , nimbleness
agitate , to stir up
agog , eager
agonize , to suffer
agreeable , pleasant
airtight , sealed; unassailable
alacrity , eagerness
alibi , excuse
alienate , to isolate
align , to line up
allay , to calm
allegiance , loyalty
alleviate , to ease
alloy , mixture of metals
allude , to hint
allure , attractiveness
ally , partner
aloft , high up
aloof , distant
altruism , selflessness
amalgamate , to combine
ambiguous , unclear
ambivalent , mixed feelings
amble , to stroll
ambrosial , delicious
ameliorate , to improve
amenable , agreeable
amenity , pleasant feature
amiable , friendly
amicable , peaceful
amity , friendship
amorphous , shapeless
anachronistic , out of time
analgesic , pain reliever
analogous , comparable
anarchist , one who rejects authority
anathema , curse; hated thing
ancillary , auxiliary
anecdote , short story
anemic , weak; lacking red blood cells
anesthetic , numbing agent
animate , to enliven
animus , hostility
annex , to attach
annotate , to comment
annoy , to irritate
annul , to cancel
anomalous , irregular
anonymous , unnamed
antagonize , to oppose
antedate , to precede
antediluvian , very old
anterior , front
antic , playful act
antipathy , strong dislike
antiquated , outdated
antithetical , opposite
apathy , indifference
aphorism , saying
apocalyptic , prophetic of disaster
apocryphal , of doubtful authenticity
apoplectic , furious
apostasy , abandonment of belief
appall , to horrify
apparition , ghost
appeal , to be attractive; request
appealing , attractive
applause , clapping
applicable , relevant
apposite , appropriate
appreciable , noticeable
apprehension , fear; understanding
apprehensive , anxious
apprise , to inform
approbation , approval
appropriate , to take; suitable
apropos , relevant
apt , suitable
arable , farmable
arbitrary , random
arcane , mysterious
archaic , ancient
archetype , original model
ardor , passion
arduous , difficult
argot , slang
argument , debate
arid , dry
array , arrangement
arrest , to stop; capture
arresting , striking
arrhythmic , irregular rhythm
arrogance , pride
articulate , well-spoken
ascendant , rising
ascetic , self-denying
aseptic , sterile
askew , crooked
aspect , facet
asperity , harshness
aspersion , slander
aspirant , candidate
assail , to attack
assent , agreement
assert , to state forcefully
assertive , confident
assess , to evaluate
assiduous , diligent
assuage , to ease
astounding , amazing
astute , sharp
asunder , apart
asylum , refuge
asymmetrical , unbalanced
asymmetry , lack of symmetry
atone , to make amends
atrocious , horrible
atrophy , to waste away
attenuate , to weaken
attest , to testify
attune , to adjust
audacious , bold
augur , to predict
august , majestic
auspicious , favorable
austere , severe
authentic , genuine
authority , power
autocracy , dictatorship
automatic , self-acting
autonomy , independence
avarice , greed
aver , to assert
aversion , strong dislike
avid , eager
avowal , open declaration
awash , flooded
awe , wonder
awkward , clumsy
awning , shelter
awry , wrong
axiomatic , self-evident
babble , to chatter
backfire , to have opposite effect
backhanded , indirect
backslide , to revert
badger , to pester
badinage , playful banter
baffle , to perplex
baffling , confusing
bait , lure
bale , harm
baleful , threatening
balk , to hesitate
balky , stubborn
ballad , song
balloon , to swell
balm , soothing ointment
banal , trite
bane , ruin
banish , to exile
banter , teasing
barb , pointed remark
barbarous , cruel
barefaced , shameless
bargain , deal
baroque , ornate
barrage , heavy attack
barren , infertile
barricade , blockade
barter , to trade
bash , to strike
bask , to enjoy warmth
batch , group
bathetic , insincere
bawdy , indecent
bedeck , to decorate
beholden , indebted
behoove , to be fitting
beige , light brown
belabor , to overexplain
beleaguer , to besiege
belie , to contradict
belligerence , aggression
belligerent , hostile
bellwether , leader
beneficent , charitable
benign , harmless
berate , to scold
beseech , to beg
beset , to surround
besmirch , to tarnish
bewitching , enchanting
bifurcate , to split
bigot , intolerant person
blackmail , extortion
bland , dull
blandishment , flattery
blast , explosion
blasé , indifferent
blatant , obvious
blazon , to display
blemish , flaw
blight , disease
bliss , joy
blithe , carefree
blueprint , plan
bluff , fake; cliff
blunder , mistake
blunt , dull; direct
blur , to make unclear
blurt , to say suddenly
bluster , to boast
boggle , to be overwhelmed
bogus , fake
boisterous , noisy
bolster , to support
bombast , pompous talk
bonhomie , friendliness
boo , to jeer
boon , benefit
boor , rude person
bootless , useless
bore , to drill; dull person
bound , limit; leap
boycott , to avoid
bracing , refreshing
brake , stop
brandish , to wave
brash , reckless
brassy , bold
bravado , false courage
bravura , brilliance
brazen , bold
breach , break
brevity , shortness
bribe , illicit payment
bridle , to restrain
brim , edge
brisk , quick
brittle , fragile
broach , to bring up
bromide , cliché
brook , to tolerate
browbeat , to bully
bruit , to spread rumor
buck , to resist
budge , to move slightly
bulge , swelling
bully , to intimidate
bumble , to act clumsily
bumptious , self-important
bungle , to botch
buoy , to float
buoyant , cheerful
burgeon , to grow
burlesque , parody
burnish , to polish
bustle , busy activity
buttress , to support
byzantine , complex
cache , hidden store
cachet , prestige
cacophony , harsh sound
cadge , to beg
cajole , to coax
calamity , disaster
calcify , to harden
calculated , deliberate
calibrate , to adjust
calligraphy , beautiful writing
callous , insensitive
callow , immature
calumniate , to slander
camaraderie , friendship
cameo , brief appearance
camouflage , disguise
canard , false rumor
candor , honesty
canny , shrewd
canon , standard
canonize , to glorify
canvass , to survey
capitulate , to surrender
caprice , whim
captious , critical
captivate , to charm
cardinal , fundamental
careen , to swerve
carefree , unworried
careworn , tired
caricature , exaggerated portrayal
carnal , sexual
carouse , to party
carp , to complain
carve , to cut
cascade , waterfall
cast , to throw
castigate , to punish
catalyze , to cause
catastrophe , disaster
categorical , absolute
catholic , universal
caustic , burning
caveat , warning
cavil , to quibble
cavort , to frolic
cede , to yield
cellular , consisting of cells
cement , to bind
censor , to suppress
censorious , critical
censure , condemnation
census , population count
ceremonious , formal
certitude , certainty
cessation , stop
chaff , to tease
chagrin , embarrassment
chameleon , changeable person
champion , to support
channel , to direct
chaos , disorder
chaperone , escort
charade , pretense
charisma , charm
charlatan , fraud
chary , cautious
chase , to pursue
chasm , gap
chauvinistic , blindly patriotic
check , to stop
cherished , valued
cherubic , angelic
chicanery , trickery
chide , to scold
chivalrous , courteous
choleric , angry
chorale , hymn
chord , musical notes
chromatic , colorful
chronic , persistent
churl , rude person
cipher , code; zero
circuitous , roundabout
circumlocution , evasion in speech
circumscribe , to limit
circumspect , cautious
circumvent , to avoid
civility , politeness
claim , assertion
clamor , loud noise
clan , family group
clandestine , secret
clarion , clear and loud
clarity , clearness
clasp , to hold
cleave , to split or adhere
clement , merciful
cliche , overused phrase
cling , to hold tight
clog , to block
clot , lump
cloudburst , sudden rain
clout , influence
cloying , overly sweet
clumsy , awkward
coagulate , to clot
coalesce , to unite
coarse , rough
coax , to persuade
coda , conclusion
coerce , to force
coeval , contemporary
cogent , convincing
cognizant , aware
cohesive , united
collaborate , to work together
collapse , to fall
collude , to conspire
colossal , huge
coltish , energetic
coma , unconsciousness
combustible , flammable
comely , attractive
comity , civility
commencement , beginning
commend , to praise
commensurate , proportional
commingle , to mix
commiserate , to sympathize
commitment , dedication
committed , dedicated
commodious , roomy
commonsensical , practical
commotion , disturbance
compatible , able to coexist
compelling , convincing
compendium , summary
complacency , self-satisfaction
complacent , self-satisfied
complaisance , willingness to please
complementary , completing
compliant , obedient
complicate , to make complex
compliment , praise
comply , to obey
compose , to create
compound , mixture
comprehend , to understand
compress , to squeeze
compromise , middle ground
compunction , guilt
concatenate , to link
concave , curved inward
conceal , to hide
concede , to admit
concentrate , to focus
concerted , coordinated
conciliate , to appease
concise , brief
concord , agreement
concrete , specific
concur , to agree
condemn , to criticize
condescending , patronizing
condign , deserved
conditional , dependent
condole , to express sympathy
condone , to overlook
conducive , favorable
confident , sure
confine , to restrict
conflagration , great fire
conflate , to combine
confluence , merging
conform , to comply
confound , to confuse
confront , to face
congeal , to solidify
congenial , pleasant
congruent , in agreement
conjecture , guess
conjure , to summon
connive , to conspire
connoisseur , expert
conscientious , diligent
consensus , general agreement
consent , permission
consequence , result
conservative , traditional
conservatory , greenhouse
conserve , to save
considerable , significant
consign , to deliver
console , to comfort
consolidate , to combine
consonant , consistent
conspicuous , noticeable
conspire , to plot
consternation , dismay
constitute , to form
constrain , to restrict
constrict , to tighten
constringe , to contract
construct , to build
consummate , perfect
contagious , spreading
contaminate , to pollute
contemplate , to consider
contempt , scorn
contend , to assert
content , satisfied
contentious , quarrelsome
contiguous , adjacent
contort , to twist
contract , to shrink; agreement
contradict , to deny
contravene , to violate
contrite , remorseful
contrived , artificial
contumacious , rebellious
conundrum , puzzle
convalesce , to recover
convene , to assemble
convenience , ease
convention , custom
converge , to meet
conversant , familiar
convert , to change
convex , curved outward
convey , to communicate
conviction , firm belief
convoke , to call together
convoluted , complex
convulsion , spasm
coop , cage
copious , abundant
coquette , flirt
cordon , line
cornucopia , abundance
coronation , crowning
corporeal , physical
correlate , to relate
corroborate , to confirm
corrosive , eating away
corrugated , ridged
cosmopolitan , worldly
cosset , to pamper
countenance , face; to approve
counterfeit , fake
countermand , to revoke
counterpart , match
counterproductive , harmful
court , to woo
courteous , polite
covert , hidden
covetous , envious
cow , to intimidate
cowardice , fearfulness
cower , to shrink in fear
coy , shy
cozen , to deceive
cramped , confined
crass , vulgar
crave , to desire
craven , cowardly
crease , fold
credence , belief
credible , believable
credit , acknowledgment
credulous , gullible
creek , stream
creep , to move slowly
crescendo , increase in loudness
crest , top
crestfallen , disappointed
cronyism , favoritism
crook , bend; criminal
croon , to sing softly
crouch , to stoop
crow , to boast
crucial , vital
crumple , to crush
crutch , support
crux , critical point
cryptic , mysterious
culpable , blameworthy
cultivate , to grow
cumbersome , burdensome
cunning , clever
curmudgeon , bad-tempered person
cursory , hasty
curt , abrupt
curtail , to shorten
cynic , distrustful person
dabble , to play at
daft , silly
dais , platform
dally , to delay
damn , to condemn
dampen , to moisten
damper , dulling influence
dandy , excellent; fop
dank , damp
dapper , neat
dappled , spotted
daredevil , reckless person
dart , to move suddenly
dashing , stylish
dated , old-fashioned
daunt , to intimidate
dawdle , to waste time
deadlock , standstill
deadpan , expressionless
dearth , scarcity
debacle , disaster
debark , to disembark
debase , to lower
debilitate , to weaken
debonair , suave
debris , rubble
debunk , to expose
debut , first appearance
decadence , moral decay
decadent , decaying
decant , to pour
decipher , to decode
decode , to interpret
decorum , propriety
decrepit , worn out
decry , to denounce
default , failure
defer , to postpone
deference , respect
deficiency , lack
defile , to pollute
deflect , to turn aside
defray , to pay
deft , skillful
defuse , to reduce danger
defy , to resist
dehydrate , to dry out
deify , to worship
deign , to condescend
deject , to sadden
delegate , to assign
deleterious , harmful
deliberate , intentional
delicacy , fineness
delineate , to describe
delirium , confusion
deluge , flood
delusion , false belief
delve , to dig
demagogue , rabble-rouser
demanding , requiring effort
demolition , destruction
demonstrate , to show
demoralize , to dishearten
demote , to lower rank
demotic , popular
demotion , lowering rank
demur , to object
denigrate , to slander
denouement , resolution
denounce , to condemn
dent , indentation
denude , to strip
dependable , reliable
deplete , to exhaust
deplorable , regrettable
deplore , to condemn
deploy , to position
deportation , expulsion
depose , to remove from power
deposit , to place
depravity , wickedness
deprecate , to express disapproval
depreciate , to lose value
depressed , sad
deprivation , lack
deracinate , to uproot
derelict , abandoned
deride , to mock
derivative , unoriginal
descend , to go down
descendant , offspring
desecrate , to violate
desiccate , to dry out
designate , to indicate
desperate , hopeless
despicable , contemptible
despise , to hate
despotic , tyrannical
desultory , random
detach , to separate
detain , to hold back
deter , to discourage
deterioration , worsening
detour , roundabout route
detract , to reduce
detritus , debris
devoted , loyal
devout , pious
dexterous , skillful
diabolic , devilish
diaphanous , translucent
diatribe , rant
dichotomy , division
dictate , to command
didactic , instructional
diehard , stubborn
diffident , shy
diffuse , widespread
digress , to stray
dike , embankment
dilapidate , to decay
dilate , to expand
dilatory , slow
dilettante , amateur
diligent , hardworking
dilute , to thin
diminish , to reduce
din , loud noise
dingy , dirty
diocesan , of a diocese
diplomatic , tactful
dire , dreadful
dirge , funeral song
disabuse , to correct
disaffected , alienated
disarm , to win over
disarray , disorder
disavow , to deny
discern , to perceive
discharge , to release
disciple , follower
discombobulate , to confuse
discomfit , to embarrass
discommode , to inconvenience
discompose , to disturb
disconcert , to unsettle
discord , conflict
discredit , to harm reputation
discreet , prudent
discrepancy , inconsistency
discrete , separate
discretion , judgment
discretionary , optional
discriminate , to distinguish
discursive , rambling
disdain , contempt
disenchant , to disillusion
disengage , to release
disgorge , to pour out
disgruntle , to make dissatisfied
disguise , concealment
dishearten , to discourage
disinclination , reluctance
disinfect , to clean
disinter , to exhume
disinterested , impartial
disjointed , disconnected
disjunctive , separating
dismantle , to take apart
dismay , distress
disparage , to belittle
disparate , different
dispassionate , unbiased
dispatch , to send
dispose , to arrange
disprove , to refute
disregard , to ignore
dissect , to cut apart
dissemble , to pretend
disseminate , to spread
dissension , disagreement
dissent , to disagree
dissipate , to scatter
dissolute , immoral
dissolve , to melt
dissonance , discord
dissuade , to discourage
distain , to stain
distal , far from center
distend , to swell
distill , to purify
distinctive , unique
distort , to twist
distract , to divert
distraught , agitated
diurnal , daily
diverge , to branch off
diversity , variety
divert , to redirect
divestiture , removal
divulge , to reveal
doctrinaire , rigid
dodder , to tremble
dodge , to avoid
doff , to remove
dogged , persistent
dogma , doctrine
doldrums , stagnation
dolorous , sorrowful
dolt , fool
domicile , home
dominant , controlling
domineer , to bully
don , to put on
donor , giver
doodle , to scribble
dormant , inactive
dour , gloomy
douse , to wet
downplay , to understate
downpour , heavy rain
doyen , senior member
doze , to nap
drab , dull
draconian , harsh
dramatic , striking
drawl , slow speech
dread , fear
dreary , depressing
drench , to soak
drivel , nonsense
drizzle , light rain
droll , amusing
drone , to speak monotonously
drudgery , hard work
dubious , doubtful
ductile , pliable
dulcet , sweet
dullard , stupid person
dupe , to fool
duplicate , to copy
duplicity , deceit
dwindle , to shrink
dynamic , energetic
dyspeptic , irritable
earnest , sincere
earshot , hearing distance
earsplitting , very loud
eavesdrop , to listen secretly
ebullient , enthusiastic
eccentric , odd
eclat , brilliance
eclectic , diverse
eclipse , to overshadow
ecstasy , joy
ecumenical , universal
edible , fit to eat
edifice , building
efface , to erase
effervesce , to bubble
effete , worn out
efficacious , effective
effluvium , foul odor
effrontery , nerve
effulgent , radiant
effusive , gushy
egalitarian , equal
egoistic , self-centered
elaborate , detailed
elastic , flexible
elate , to make happy
eleemosynary , charitable
elegy , sad poem
elephantine , huge
elevate , to lift
elicit , to draw out
elliptical , oval; obscure
elucidate , to explain
elude , to avoid
emaciate , to waste away
emancipate , to free
embargo , ban
embark , to begin
embarrass , to shame
embed , to fix firmly
embezzle , to steal
embolden , to encourage
emboss , to carve
embrace , to hug
embroider , to decorate
emigrate , to leave country
eminent , distinguished
emollient , soothing
emulate , to imitate
enact , to pass
enamel , coating
enamored , in love
encomium , praise
encompass , to include
encumber , to burden
endeavor , to try
endemic , native
endorse , to support
enervate , to weaken
enfranchise , to give voting rights
engender , to produce
engross , to absorb
enigma , mystery
enlighten , to inform
enmity , hostility
entangle , to tangle
enthrall , to captivate
enthusiasm , excitement
entice , to lure
entrance , to enchant
entrap , to catch
entreat , to beg
enunciate , to pronounce
ephemeral , short-lived
epic , grand story
epicure , gourmet
epigram , witty saying
epilogue , conclusion
epithet , descriptive term
epitomize , to represent
equable , steady
equilibrium , balance
equity , fairness
equivalent , equal
equivocate , to be vague
erode , to wear away
errant , straying
erratic , unpredictable
erroneous , wrong
erudite , learned
escalate , to increase
eschew , to avoid
escort , to accompany
esoteric , obscure
espouse , to support
esteem , respect
estimable , worthy
estrange , to alienate
etch , to engrave
eternal , everlasting
ethereal , delicate
ethics , moral principles
ethos , character
eulogize , to praise
euphemism , mild expression
euphonious , pleasant sounding
euphoria , happiness
evacuate , to empty
evanescent , fleeting
evasive , avoiding
everlasting , eternal
evict , to expel
evince , to show
evoke , to call forth
exacerbate , to worsen
exacting , demanding
exalt , to praise
exasperate , to irritate
excavate , to dig
exceptional , outstanding
excoriate , to criticize severely
excrete , to discharge
excruciate , to torture
exculpate , to clear blame
excursive , digressive
execrate , to loathe
exemplary , outstanding
exempt , to excuse
exhaust , to tire out
exhilarate , to thrill
exhort , to urge
exigent , urgent
exodus , departure
exonerate , to acquit
exorbitant , excessive
exorcise , to expel evil
exotic , foreign
expansive , broad
expedite , to speed up
expedition , journey
expiate , to atone
expire , to end
explicate , to explain
explicit , clear
exploit , to take advantage
exponent , advocate
expurgate , to remove objectionable material
exquisite , beautiful
extant , existing
extemporize , to improvise
extenuate , to lessen seriousness
exterminate , to destroy
extinct , no longer existing
extinguish , to put out
extol , to praise
extort , to obtain by force
extract , to remove
extraction , removal
extraneous , irrelevant
extrapolate , to project
extravagant , wasteful
extricate , to free
exuberant , joyful
exude , to emit
exult , to rejoice
fable , moral story
fabricate , to make up
fabulous , amazing
facetious , joking
facile , easy
facilitate , to make easier
faction , group
fad , craze
fail-safe , backup
fallacious , misleading
fallible , capable of error
fallow , inactive
falsehood , lie
falter , to hesitate
fanatic , extremist
fanciful , imaginative
fantasy , imagination
farce , comedy
fascinate , to attract
fast , quick; to abstain from food
fastidious , meticulous
fateful , important
fathom , to understand
fatigue , tiredness
fatuous , silly
faultfinder , critic
favorable , positive
favoritism , bias
fawn , to flatter
faze , to disturb
featureless , plain
feckless , ineffective
fecund , fertile
feeble , weak
feign , to pretend
feisty , spirited
felony , serious crime
fender , guard
feral , wild
ferocious , fierce
fertilize , to enrich
fervent , passionate
fervid , intense
fervor , passion
fester , to rot
fetid , stinking
fetter , to chain
fiasco , failure
fickle , changeable
fictitious , fake
fidelity , loyalty
figment , invention
figurative , metaphorical
figurine , statuette
filibuster , obstruction
filter , to strain
finale , end
finesse , skill
finicky , fussy
fitful , irregular
flaccid , limp
flag , to weaken
flamboyant , showy
flatter , to praise excessively
flaw , defect
fledgling , novice
fleet , fast
fleeting , brief
flexible , bendable
flinch , to wince
flippancy , disrespect
flirt , to tease romantically
flit , to dart
flock , group
florid , flowery
flounder , to struggle
flourish , to thrive
flout , to disregard
fluctuate , to vary
fluent , smooth
fluky , lucky
flush , redden; wealthy
fluster , to agitate
foible , weakness
foil , to prevent
foment , to stir up
foolproof , reliable
footloose , free
forage , to search for food
forbearance , patience
forebear , ancestor
forebode , to predict evil
foreground , front
forestall , to prevent
foreword , introduction
forfeit , to lose
forge , to shape; fake
formidable , intimidating
forsake , to abandon
forthright , direct
fortify , to strengthen
foster , to nurture
founder , to sink
fracas , brawl
fracture , break
fragile , delicate
frail , weak
fraudulent , deceitful
fraught , filled
frenzy , madness
frequent , to visit often
fretful , worried
friable , crumbly
friction , conflict
frigid , very cold
fringe , edge
frivolous , trivial
frosty , cold
frothy , light
frowsy , musty
frugal , thrifty
frustrate , to thwart
full-bodied , rich
fulminate , to protest loudly
fumble , to drop
furor , uproar
furtive , secretive
fury , anger
fussy , particular
futile , useless
gadfly , irritant
gaffe , blunder
gainsay , to deny
gall , bitterness
gallant , brave
galvanize , to shock into action
gamble , to risk
gambol , to frolic
gangly , lanky
garble , to distort
gargantuan , huge
garish , gaudy
garment , clothing
garrulous , talkative
gash , deep cut
gasification , conversion to gas
gauche , clumsy
gaudy , flashy
gauge , measure
gawky , awkward
gear , equipment
genial , friendly
genteel , refined
germane , relevant
germinate , to sprout
gibe , to mock
giddy , dizzy
gild , to cover with gold
gist , main point
glacial , icy
gladiator , fighter
glaze , to coat
glib , smooth-tongued
glide , to slide
glisten , to shine
glitch , malfunction
gloat , to boast
gloomy , dark
gloss , shine; explanation
glossy , shiny
glower , to scowl
glut , excess
glutinous , sticky
glutton , overeater
goad , to urge
gobble , to eat quickly
goggle , to stare
goldbrick , to shirk
gorge , to stuff
gossamer , delicate
gourmand , food lover
gourmet , fine food connoisseur
graft , bribery
grandeur , splendor
grandiloquent , pompous
grandiose , impressive
grandstand , to show off
grate , to shred; annoy
gratify , to please
gratuitous , unnecessary
green , inexperienced
gregarious , sociable
grieve , to mourn
grimace , facial distortion
grin , smile
gripe , to complain
grisly , gruesome
grit , courage
groggy , dazed
groove , channel
grotesque , distorted
grovel , to crawl
grudge , resentment
grueling , exhausting
grumble , to complain
guile , cunning
guilt , blame
gull , to trick
gullible , easily fooled
gush , to flow out
gust , blast of wind
guzzle , to drink greedily
hack , to cut; mediocre writer
hackneyed , overused
halcyon , peaceful
hale , healthy
half-baked , poorly planned
halfhearted , unenthusiastic
hallmark , distinctive feature
hallow , to sanctify
hallucination , false perception
ham-handed , clumsy
hammer , to pound
hamper , to hinder
hamstring , to cripple
hangdog , ashamed
hanker , to yearn
haphazard , random
harangue , tirade
harass , to pester
harbinger , forerunner
harbor , to shelter
hard-bitten , tough
hardy , robust
harmonious , peaceful
harness , to control
harrow , to distress
harry , to harass
harsh , severe
hasten , to speed
hasty , rushed
haunt , to visit as a ghost
hauteur , arrogance
haven , refuge
havoc , destruction
headlong , reckless
hearken , to listen
hearten , to encourage
heartrending , sad
heckle , to interrupt
hedonism , pleasure-seeking
hegemony , dominance
heinous , wicked
herald , to announce
heresy , unorthodox belief
heretical , unorthodox
hermetic , sealed
hesitance , reluctance
heterodox , unorthodox
hew , to chop
hidebound , rigid
hideous , ugly
hie , to hurry
hierarchical , ranked
hike , to walk
hilarious , very funny
histrionic , theatrical
hive , bee colony
hoard , to store
hoary , ancient
hoax , trick
hobble , to limp
hodgepodge , mixture
homage , respect
homely , plain
homily , sermon
homogenize , to make uniform
hone , to sharpen
hoodwink , to deceive
hortative , encouraging
hovel , shack
hubris , pride
humble , modest
humdrum , dull
humiliate , to shame
humility , modesty
humor , comedy
hurricane , storm
husband , to manage
husk , outer covering
husky , hoarse
hybrid , mixture
hymn , religious song
hyperbole , exaggeration
hypnotic , mesmerizing
hypocritical , insincere
hypothetical , theoretical
iconoclast , critic
idiosyncrasy , quirk
idle , inactive
idolatrize , to worship
idyll , peaceful scene
ignite , to set fire
ignominy , shame
ill-bred , rude
illiteracy , inability to read
illuminate , to light
illuminati , elite group
illusory , deceptive
illustrious , famous
imbibe , to drink
imbroglio , complicated situation
imitation , copy
immaculate , perfect
immanent , inherent
immaterial , irrelevant
immature , childish
immemorial , ancient
immune , resistant
immure , to imprison
immutable , unchangeable
impassive , emotionless
impeccable , flawless
impecunious , poor
impede , to hinder
impending , approaching
impenetrable , cannot be entered
impenitent , unrepentant
imperative , necessary
imperial , majestic
imperious , domineering
imperishable , enduring
impertinent , rude
imperturbable , calm
impervious , unaffected
impetuous , impulsive
impious , disrespectful
implacable , unforgiving
implement , to carry out
implicit , implied
implode , to burst inward
importune , to beg
imposing , impressive
imposter , fraud
impostor , fraud
impotent , powerless
imprecise , inaccurate
impromptu , unrehearsed
improvise , to ad-lib
imprudent , unwise
impudent , rude
impugn , to challenge
impuissance , powerlessness
impunity , exemption
inadvertent , accidental
inalienable , cannot be taken away
inane , silly
inanimate , lifeless
inaugurate , to begin
incandescent , glowing
incantation , chant
incarnate , embodied
incendiary , inflammatory
incense , to enrage
incentive , motivation
inception , beginning
incessant , nonstop
inch , to move slowly
inchoate , undeveloped
incinerate , to burn
incipient , beginning
incite , to provoke
inclement , harsh
incogitant , thoughtless
incongruent , inconsistent
inconsequential , unimportant
incontrovertible , indisputable
incorrigible , unmanageable
incriminate , to accuse
incubate , to hatch
inculpate , to blame
incumbent , obligatory
incursion , raid
indecorous , improper
indelible , permanent
indemnity , compensation
indict , to charge
indifferent , unconcerned
indigenous , native
indigent , poor
indispensable , essential
indoctrinate , to teach
indolent , lazy
inducement , incentive
indulgent , lenient
indurate , to harden
industrious , hardworking
ineffable , indescribable
ineluctable , unavoidable
inept , incompetent
inert , inactive
inevitable , unavoidable
inexorable , relentless
infamous , notorious
infatuate , to obsess
infelicitous , unfortunate
inferno , hell
infiltrate , to penetrate
infinite , endless
infirm , weak
inflame , to provoke
influx , inflow
infraction , violation
infuriate , to anger
infuse , to instill
ingenious , clever
ingenuity , cleverness
ingenuous , naive
ingest , to eat
ingrained , deep-seated
ingratiating , flattering
inherent , innate
inimical , hostile
inimitable , unique
iniquity , wickedness
initiate , to begin
inkling , hint
innocuous , harmless
innovative , new
inquisitive , curious
insensible , unconscious
insensitive , uncaring
insentient , inanimate
insight , understanding
insipid , bland
insolent , rude
insouciant , carefree
instate , to establish
instigate , to provoke
instill , to infuse
institute , to establish
insubordinate , disobedient
insular , narrow-minded
insulate , to isolate
insurgent , rebel
intangible , not touchable
integral , essential
integrity , honesty
intelligible , understandable
intemperate , excessive
intensify , to increase
inter , to bury
intercessor , mediator
interdict , to prohibit
interim , meantime
interlock , to connect
interminable , endless
intermittent , sporadic
interregnum , gap
interrogate , to question
intimate , close; to suggest
intimidate , to frighten
intoxicant , alcohol
intransigent , uncompromising
intrepid , fearless
intrigue , to fascinate
intrinsic , essential
intuitive , instinctive
inundate , to flood
inure , to harden
invective , abuse
inveigh , to protest
inveigle , to persuade
inventory , list
inveterate , habitual
invidious , offensive
invigorate , to energize
invincible , unbeatable
invoke , to call upon
irascible , irritable
irate , angry
iridescent , shimmering
irk , to annoy
ironclad , rigid
irradicable , ineradicable
irreducible , cannot be reduced
irrigate , to water
irritate , to annoy
issue , topic; to emit
jabber , to chatter
jaded , tired
jape , joke
jargon , specialized language
jarring , shocking
jaundice , bitterness
jaunty , cheerful
jejune , dull
jeopardy , danger
jest , joke
jettison , to discard
jibe , to agree
jingoist , nationalist
jitters , nervousness
jocular , humorous
jocund , cheerful
jog , to run slowly
jolt , to shock
jot , to write briefly
jovial , cheerful
jubilant , joyful
judicious , wise
juggernaut , unstoppable force
justify , to defend
ken , understanding
kidnap , to abduct
kindle , to ignite
kindred , similar
knack , skill
knead , to massage
knit , to join
knotty , complex
kudos , praise
labile , unstable
laborious , hard
labyrinthine , mazelike
lacerate , to tear
lachrymose , tearful
lackluster , dull
laconic , brief
lag , to fall behind
lambaste , to criticize harshly
lament , to mourn
lamentable , regrettable
lampoon , to satirize
lance , to pierce
languid , sluggish
languish , to weaken
languor , weakness
lank , long and thin
lapse , mistake
largesse , generosity
lash , to whip
lassitude , fatigue
latent , hidden
latitude , freedom
laudatory , praising
lavish , extravagant
lax , loose
leaven , to lighten
leer , to look suggestively
leery , suspicious
legacy , inheritance
legend , myth
legion , large number
lenient , merciful
lethal , deadly
lethargic , sluggish
levelheaded , sensible
levity , lightheartedness
liability , responsibility; disadvantage
liberal , generous
libertine , immoral person
license , permission
licentious , immoral
liken , to compare
limber , flexible
limp , to walk lamely
limpid , clear
linger , to stay
lionize , to treat as celebrity
lissome , graceful
list , to tilt
lithe , flexible
loath , reluctant
loathe , to hate
lofty , high
loll , to lounge
lopsided , uneven
loquacious , talkative
loutish , crude
lubricate , to oil
lucid , clear
ludicrous , absurd
lug , to drag
lugubrious , mournful
lull , to calm
lullaby , soothing song
lumber , to move heavily
luminary , celebrity
luminous , bright
lurch , sudden movement
lurid , sensational
lurk , to hide
lush , luxurious
lustrous , shiny
luxurious , opulent
lyric , poetic
macabre , gruesome
macerate , to soften
machination , plot
maculate , spotted
madcap , reckless
maelstrom , whirlpool
magnificent , splendid
magnitude , size
maladroit , clumsy
malaise , discomfort
malcontent , dissatisfied
malevolent , malicious
malicious , spiteful
malign , to slander
malignant , harmful
malinger , to fake illness
malleable , pliable
malodorous , smelly
mandatory , required
maneuver , to move skillfully
mangle , to ruin
mangy , shabby
mania , obsession
manifest , obvious
manipulate , to control
mannered , affected
manumit , to free
manuscript , document
mar , to damage
marginal , minor
marsh , swamp
martinet , strict disciplinarian
marvel , to wonder
mash , to crush
masquerade , disguise
mastery , command
matriculate , to enroll
maudlin , sentimental
maven , expert
maverick , nonconformist
mawkish , overly sentimental
meager , scant
mean , to intend; unkind
meander , to wander
measly , meager
measured , deliberate
meddle , to interfere
mediate , to intervene
mediocre , average
meditate , to contemplate
medley , mixture
meek , submissive
meet , to encounter
mellifluous , sweet-sounding
melodramatic , exaggerated
menace , threat
mendacious , dishonest
menial , unskilled
mentor , teacher
mercenary , greedy
mercurial , changeable
meretricious , flashy
merited , deserved
mesh , to engage
mesmeric , hypnotic
metamorphose , to transform
metaphysical , abstract
meteoric , swift
methodical , systematic
meticulous , careful
mettle , courage
miff , to annoy
migratory , moving
milieu , environment
military , armed forces
milk , to exploit
mime , to imitate
mimic , to copy
minatory , threatening
mince , to chop; to speak delicately
mingle , to mix
minimize , to reduce
miniscule , tiny
mint , to coin
minute , tiny
minutiae , small details
mirage , illusion
mire , swamp
mirth , amusement
misanthropic , hating people
misapprehension , misunderstanding
misbehaving , acting badly
mischievous , naughty
misconstrue , to misinterpret
miscreant , villain
misdemeanor , minor crime
miserly , stingy
misfortune , bad luck
misgiving , doubt
mishap , accident
misrepresent , to distort
mite , small amount
mitigate , to lessen
mobile , movable
mockery , ridicule
moderate , average
modicum , small amount
mollify , to soothe
mollycoddle , to pamper
molt , to shed
momentous , important
momentum , impetus
monarch , king/queen
mongrel , mixed breed
monochromatic , one color
monologue , long speech
monopolize , to dominate
monotonous , repetitive
montage , collage
moratorium , pause
morbid , gruesome
mordant , sarcastic
moribund , dying
morose , gloomy
mosaic , pattern
mosque , Muslim place of worship
moth-eaten , worn out
motile , capable of movement
motivate , to inspire
motley , varied
mottle , to spot
motto , saying
mournful , sad
movement , motion
muddy , unclear
muffle , to deaden sound
mulish , stubborn
mumble , to mutter
mundane , ordinary
munificent , generous
murky , dark
murmur , to whisper
mutate , to change
mute , silent
mutter , to grumble
myopic , shortsighted
myriad , countless
nadir , lowest point
naive , innocent
narcissism , self-love
nascent , emerging
natty , neat
nauseate , to disgust
nautical , relating to ships
naysay , to oppose
nebulous , vague
needy , poor
nefarious , wicked
negation , denial
negligent , careless
negotiate , to bargain
neophyte , beginner
nerve , courage
nettle , to irritate
neutralize , to counteract
nexus , connection
nibble , to bite lightly
nicety , subtlety
nil , nothing
nip , to pinch
nirvana , bliss
nitpick , to criticize small faults
nocturnal , active at night
noisome , harmful
nomad , wanderer
nominal , in name only
nonchalant , casual
nondescript , unremarkable
nonentity , unimportant person
nonplus , to perplex
nonsense , absurdity
nostalgia , longing for past
notch , cut
notoriety , infamy
nourish , to feed
novel , new
novice , beginner
noxious , harmful
nuance , subtlety
nudge , to push gently
nugatory , worthless
nullification , cancellation
numb , without feeling
nurture , to care for
oaf , fool
oath , promise
obdurate , stubborn
obedient , compliant
obeisance , bow
obfuscate , to confuse
obligatory , required
obliging , helpful
oblique , indirect
obliterate , to destroy
oblivious , unaware
obloquy , disgrace
obscure , unknown
obsequious , fawning
observant , watchful
obsess , to preoccupy
obsolete , outdated
obstinate , stubborn
obstreperous , noisy
obstruct , to block
obtuse , dull
obviate , to prevent
occult , supernatural
odium , hatred
off-key , out of tune
offbeat , unconventional
offhand , casual
officious , meddlesome
offish , aloof
ominous , threatening
omniscient , all-knowing
onerous , burdensome
onset , beginning
opaque , nontransparent
opine , to express opinion
opportune , timely
opprobrious , disgraceful
oration , speech
ordeal , difficult experience
orient , to align
original , first
orthodox , conventional
oscillate , to swing
ossify , to harden
ostensible , apparent
ostentatious , showy
ostracize , to exclude
oust , to remove
outgoing , sociable
outgrowth , result
outlandish , bizarre
outmaneuver , to outsmart
outmoded , outdated
outset , start
outwit , to outsmart
overbearing , domineering
overlap , to extend over
override , to overrule
overshadow , to cast shadow
overt , open
overture , introduction
overwhelm , to overpower
overwrought , agitated
oxymoron , contradictory phrase
pacify , to calm
padding , extra material
paean , song of praise
painstaking , careful
palatable , acceptable
palatial , magnificent
palaver , idle talk
pall , to become boring
palliate , to ease
pallid , pale
palmy , prosperous
palpable , tangible
palpitation , rapid heartbeat
palter , to equivocate
paltry , trivial
pan , to criticize
panacea , cure-all
panache , flair
pandemic , widespread disease
pandemonium , chaos
panegyric , praise
panoramic , wide view
parable , moral story
paradigm , model
paradise , heaven
paradox , contradiction
paragon , ideal
paramount , supreme
paranoid , suspicious
paraphrase , to rephrase
parch , to dry
parenthesis , aside
pariah , outcast
parity , equality
parody , spoof
paroxysm , outburst
parrot , to repeat
parry , to deflect
parsimonious , stingy
partial , biased
particularize , to specify
partisan , supporter
partition , division
pastiche , imitation
patent , obvious
pathological , diseased
patina , sheen
patrician , aristocratic
patriot , nationalist
patronize , to condescend
paucity , scarcity
paunchy , pot-bellied
peck , to kiss
peculiarity , oddity
pedagogical , teaching
pedagogue , teacher
pedant , show-off
pedestrian , ordinary
peel , to strip
peep , to look quickly
peer , equal
peeve , to annoy
pejorative , derogatory
pellucid , clear
pen , enclosure
penalty , punishment
penchant , liking
penitent , remorseful
pensive , thoughtful
penury , poverty
perambulate , to walk
perceptible , noticeable
perceptive , insightful
peremptory , bossy
perfervid , passionate
perfidy , treachery
perforate , to pierce
perfunctory , mechanical
perilous , dangerous
perimeter , boundary
periodical , magazine
peripatetic , wandering
peripheral , marginal
perish , to die
permanent , lasting
permeable , penetrable
pernicious , destructive
peroration , conclusion
perpetual , never-ending
perquisite , perk
persecute , to oppress
persevere , to persist
persiflage , banter
persistence , determination
personable , attractive
perspicacious , insightful
perspicuity , clarity
pertain , to relate
pertinacious , persistent
pertinent , relevant
perturb , to disturb
peruse , to read carefully
pervade , to spread
pessimistic , negative
petition , request
petrify , to terrify
petty , trivial
petulant , peevish
phenomenal , extraordinary
philanthropic , charitable
philistine , uncultured
phlegmatic , calm
piddling , trivial
piebald , spotted
pigment , coloring
pilfer , to steal
pillar , column
pillory , to ridicule
pilot , to test
pine , to yearn
pinnacle , peak
pinpoint , to identify
pioneer , to lead
pious , devout
piquant , spicy
pique , to provoke
pirate , to steal
pitfall , trap
pithy , concise
pitiless , cruel
pittance , small amount
pivotal , crucial
placate , to appease
placebo , dummy pill
placid , calm
plagiarize , to steal ideas
plangent , mournful
plastic , malleable
plateau , level
platitude , cliché
plausible , believable
playful , fun-loving
pleat , fold
plebeian , common
plenitude , abundance
plentitude , abundance
plethora , excess
pliable , flexible
pliant , bendable
plight , difficult situation
plod , to trudge
plodder , slow worker
pluck , courage
plumb , to measure
plummet , to drop
plump , chubby
plunge , to dive
plush , luxurious
poach , to steal; to cook
pointer , clue
polarize , to divide
polemic , argument
polished , refined
politic , prudent
pompous , self-important
ponderable , significant
ponderous , heavy
pontificate , to speak pompously
pore , to study
porous , permeable
portentous , ominous
poseur , pretender
posit , to assume
postulate , to assume
posture , stance
potable , drinkable
potentate , ruler
potentiate , to enhance
pout , to sulk
practitioner , professional
pragmatic , practical
prairie , grassland
prate , to chatter
preach , to sermonize
precarious , unstable
precedent , example
precipice , cliff
precipitate , to hasten
precipitation , rain
precipitous , steep
preclude , to prevent
precursor , forerunner
predecessor , prior holder
predestine , to foreordain
predilection , preference
preeminent , outstanding
preempt , to forestall
preen , to groom
preface , introduction
pregnant , expecting
premeditate , to plan
preoccupation , obsession
preponderant , dominant
prepossessing , attractive
preposterous , absurd
prerequisite , requirement
prerogative , right
presage , to predict
prescience , foresight
prescription , order
preservative , additive
prestige , respect
presumptuous , overconfident
pretense , false show
preternatural , supernatural
prevail , to triumph
prevalent , common
prevaricate , to lie
primordial , ancient
primp , to groom
principal , main
pristine , unspoiled
privation , lack
probe , to investigate
probity , honesty
proclaim , to announce
proclivity , tendency
procrastinate , to delay
procure , to obtain
prod , to poke
prodigal , wasteful
prodigious , enormous
profane , irreverent
proffer , to offer
proficient , skilled
profligate , wasteful
profundity , depth
profusion , abundance
prohibitive , forbidding
project , to forecast
proliferate , to multiply
prolix , wordy
prolong , to extend
promulgate , to proclaim
proofread , to check
propagate , to spread
propensity , inclination
prophetic , predictive
propitiate , to appease
propitious , favorable
proponent , advocate
proprietary , exclusive
propriety , properness
prosaic , dull
proscribe , to forbid
prosecution , legal action
proselytize , to convert
prospect , possibility
prosperous , wealthy
prostrate , to bow
protean , versatile
protocol , procedure
prototype , original
protract , to prolong
protuberant , bulging
provident , thrifty
providential , lucky
provincial , narrow-minded
provisional , temporary
provisory , conditional
provoke , to incite
prowess , skill
prowl , to roam
prude , puritanical person
prudent , wise
prudish , overly modest
prune , to trim
pry , to inquire
pseudonym , pen name
psychology , mind science
pucker , to wrinkle
puckish , mischievous
puerile , childish
puissance , power
pulchritude , beauty
pulverize , to crush
pun , play on words
punctilious , meticulous
pundit , expert
pungent , sharp
puny , weak
purity , cleanness
purlieu , haunt
purloin , to steal
purvey , to supply
pusillanimous , cowardly
quack , fake doctor
quaff , to drink deeply
quail , to cower
qualify , to meet standards
quandary , dilemma
quarantine , isolation
quarry , to extract
quash , to suppress
quaver , to tremble
quell , to subdue
quench , to satisfy
querulous , complaining
quibble , to argue
quiescent , inactive
quixotic , idealistic
quota , share
quotidian , daily
rabble , mob
rabid , extreme
racy , lively
raffish , unconventional
raffle , lottery
rage , anger
ragged , tattered
rail , to complain
rakish , dashing
ramble , to wander
rambunctious , boisterous
rampant , widespread
ramshackle , dilapidated
rancor , bitterness
random , arbitrary
rankle , to irritate
rant , to rave
rapacious , greedy
rapport , harmony
rapprochement , reconciliation
rapscallion , rascal
rapt , engrossed
rarefy , to make thin
rash , hasty
raspy , harsh
ratify , to approve
ratiocination , reasoning
ration , allowance
rational , logical
rave , to praise
ravel , to tangle
ravenous , starving
ravish , to delight
raze , to destroy
react , to respond
reactionary , ultra-conservative
ream , to enlarge
reap , to harvest
reassure , to comfort
rebuff , to reject
recalcitrant , stubborn
recant , to retract
recessive , receding
recidivate , to relapse
reciprocate , to return
reckless , careless
recluse , hermit
recoil , to shrink
reconcile , to settle
recondite , obscure
reconnoiter , to survey
reconstitute , to rebuild
reconvene , to meet again
rectitude , righteousness
recumbent , lying down
recuperate , to recover
redeem , to save
redolent , fragrant
redoubtable , formidable
redundant , unnecessary
reel , to stagger
referee , judge
refine , to improve
reflect , to mirror
refractory , stubborn
refreshing , invigorating
refulgent , shining
refute , to disprove
regenerate , to renew
regimen , routine
regress , to revert
rehabilitate , to restore
rehearsal , practice
reign , to rule
rein , to control
reiterate , to repeat
rejoice , to celebrate
relapse , to worsen
release , to free
relentless , unstoppable
relevant , pertinent
religion , faith
relinquish , to give up
relish , enjoyment
reluctant , unwilling
remiss , negligent
remnant , leftover
remodel , to redesign
remonstrance , protest
remorse , guilt
remunerate , to pay
rend , to tear
renegade , traitor
renege , to break a promise
renounce , to reject
renovate , to restore
repartee , witty reply
repatriate , to return home
repeal , to revoke
repel , to drive away
repertoire , range
repine , to complain
replenish , to refill
replete , full
replicate , to copy
repose , to rest
reprehend , to criticize
repress , to suppress
reprieve , to delay punishment
reproach , to blame
reprobate , wicked person
reproof , criticism
reprove , to scold
repudiate , to reject
repugnant , offensive
repulse , to disgust
repute , reputation
requisite , necessary
requite , to repay
rescind , to cancel
reserved , restrained
residual , leftover
residue , remainder
resign , to quit
resilience , toughness
resolute , determined
resonant , echoing
resourceful , inventive
respire , to breathe
respite , break
resplendent , brilliant
responsive , reacting
restitution , compensation
restive , restless
restless , uneasy
restrain , to hold back
resurgence , revival
resurrect , to bring back
resuscitate , to revive
retainer , fee
retaliate , to strike back
retard , to slow
retentive , good memory
reticent , silent
retinue , followers
retort , to reply sharply
retouch , to improve
retract , to withdraw
retrench , to cut back
retribution , punishment
retrieve , to get back
retrograde , backward
retrospective , looking back
revelry , merrymaking
revenge , retaliation
reverberate , to echo
revere , to respect
revise , to change
revive , to restore
revoke , to cancel
revolt , to rebel
rhetorical , persuasive
ribald , vulgar
rickety , shaky
rider , addition
ridicule , mockery
rife , widespread
rift , crack
rigmarole , nonsense
rile , to annoy
riot , disturbance
ripen , to mature
rite , ceremony
rive , to split
riveting , engrossing
rivulet , stream
robust , strong
roil , to make muddy
roisterer , reveler
rookie , beginner
roster , list
rostrum , platform
rouse , to wake
royalty , royal family
rubicund , reddish
rudimentary , basic
rue , to regret
ruffle , to disturb
ruminate , to ponder
rumple , to wrinkle
run , to operate
runic , mysterious
rupture , break
ruse , trick
rustic , rural
rustle , to steal cattle
ruthless , merciless
sabotage , to destroy
saccharine , overly sweet
sacrosanct , sacred
saddle , to burden
safeguard , to protect
sage , wise person
salient , prominent
salubrious , healthful
salutary , beneficial
salutation , greeting
salvage , to rescue
salve , ointment
sanctify , to make holy
sanctimonious , hypocritical
sanction , to approve
sanctuary , refuge
sand , to smooth
sanguine , optimistic
sanitary , clean
sap , to weaken
sapient , wise
sarcasm , irony
sartorial , relating to clothing
sate , to satisfy
satiate , to fully satisfy
satire , ridicule
satirize , to mock
saturate , to soak
saturnine , gloomy
saunter , to stroll
savant , scholar
savory , tasty
savvy , shrewdness
scads , large amounts
scant , insufficient
scathing , harsh
schism , split
scintillate , to sparkle
scion , descendant
scission , division
scoff , to mock
scorch , to burn
scorn , contempt
scotch , to stop
scour , to scrub
scourge , plague
scowl , frown
scrap , to discard
scrappy , determined
scrawl , to write carelessly
screen , to hide
scribble , to write quickly
scrimp , to be stingy
scruple , qualm
scrupulous , careful
scrutable , understandable
scrutinize , to examine
scuff , to scrape
scurrilous , vulgar
scurvy , contemptible
seamy , sordid
secede , to withdraw
secluded , hidden
secrete , to hide; to discharge
sectarianism , factionalism
secular , non-religious
sedate , calm
sedentary , sitting
seduce , to entice
sedulous , diligent
seemly , proper
segment , section
self-abasement , humility
self-absorbed , self-centered
seminal , influential
sensation , feeling
sensitive , responsive
sentinel , guard
septic , infected
sepulchral , gloomy
sequel , follow-up
sequela , aftereffect
sequester , to isolate
sere , withered
serendipity , luck
serene , calm
sermon , lecture
serpentine , winding
serrate , notched
serried , crowded
servile , submissive
severe , harsh
shackle , to chain
shadow , to follow
shallow , superficial
sham , fake
shift , to change
shiftless , lazy
shifty , deceitful
shipshape , orderly
shirk , to avoid
shoal , shallow area
shopworn , worn out
shred , to tear
shrewd , sharp
shrink , to contract
shroud , to hide
shrug , to lift shoulders
shun , to avoid
sidestep , to avoid
signal , to indicate
simile , comparison
simpleton , fool
simulate , to imitate
sin , transgression
sincere , genuine
sinecure , easy job
sinew , tendon
singe , to burn slightly
sinuous , winding
sip , to drink slowly
skeleton , framework
skeptic , doubter
skimp , to scrimp
skirmish , minor battle
skirt , to avoid
skittish , nervous
slack , loose
slake , to quench
slant , to slope
slate , to schedule
slew , large number
slight , small; to insult
sling , to throw
slippery , slick
slipshod , careless
sloppy , messy
sloth , laziness
slouch , to droop
slovenly , untidy
sluggard , lazy person
sluggish , slow
slumber , sleep
slur , to speak indistinctly
sly , cunning
smarmy , unctuous
smart , intelligent
smattering , small amount
smirk , smug smile
smother , to suffocate
smug , self-satisfied
smuggling , illegal transport
snare , trap
snarl , to growl
sneer , contemptuous smile
snobbish , elitist
snub , to ignore
soak , to drench
sober , serious
sodden , soaked
solace , comfort
solder , to join
solemnity , seriousness
solicitous , concerned
solid , firm
soliloquy , monologue
solitude , aloneness
solvent , able to pay
somatic , physical
somber , gloomy
somnolence , sleepiness
sonnet , poem
soothe , to calm
sop , concession
sophism , fallacy
sophisticated , refined
soporific , sleep-inducing
sordid , filthy
sound , healthy; noise
sparing , frugal
sparse , scarce
spartan , austere
spat , quarrel
spate , flood
specific , particular
specious , misleading
speck , dot
spectator , observer
spectrum , range
speculate , to guess
spendthrift , waster
spent , exhausted
spindly , long and thin
spiny , thorny
spleen , spite
splice , to join
splinter , fragment
splutter , to sputter
spontaneous , impulsive
spoof , parody
sporadic , occasional
sprawl , to spread out
sprightly , lively
spur , to encourage
spurious , false
spurn , to reject
squabble , to argue
squalid , filthy
squall , storm
squander , to waste
squat , to crouch
squeamish , easily nauseated
squelch , to suppress
squint , to narrow eyes
stabilize , to steady
stalwart , loyal
stamina , endurance
stammer , to stutter
startle , to surprise
stasis , inactivity
static , unchanging
stature , height
staunch , loyal
steadfast , unwavering
stealth , secrecy
steep , to soak
stench , stink
stentorian , loud
stereotype , cliché
sterile , barren
stickler , perfectionist
stiff , rigid
stifle , to suppress
stigma , disgrace
stigmatize , to brand
stingy , miserly
stint , to restrict
stipple , to dot
stipulate , to specify
stitch , to sew
stock , supply
stockade , enclosure
stodgy , dull
stoic , enduring
stoke , to fuel
stolid , unemotional
stomach , to tolerate
stonewall , to obstruct
stouthearted , brave
strait , narrow channel
strand , to leave stranded
stratagem , trick
stratify , to layer
stray , to wander
strength , power
striate , to stripe
stricture , restriction
stride , to walk confidently
strident , harsh
strike , to hit
stringent , strict
strip , to remove
strut , to swagger
studio , workshop
stultify , to make useless
stunt , to hinder
stupor , daze
sturdy , strong
stygian , dark
stymie , to thwart
subdue , to conquer
subject , to cause
subjugate , to conquer
sublime , exalted
subliminal , subconscious
submerge , to sink
submissive , obedient
subordinate , lower rank
subservient , obedient
subside , to diminish
subsidiary , auxiliary
subsidy , financial aid
substantial , large
substantiate , to prove
substantive , meaningful
substitute , replacement
subterfuge , deception
subtle , delicate
subvert , to undermine
succinct , brief
succor , aid
succumb , to yield
suffocate , to choke
suffuse , to spread over
sulk , to pout
sullen , gloomy
summary , brief
summit , peak
summon , to call
sumptuous , lavish
sunder , to split
supercilious , arrogant
superficial , shallow
superfluous , unnecessary
superimpose , to place over
supersede , to replace
supine , lying down
supplant , to replace
supple , flexible
supplement , to add
supplicate , to beg
supposition , assumption
suppress , to stop
surcharge , extra fee
surfeit , excess
surly , rude
surmise , to guess
surmount , to overcome
surpass , to exceed
surrender , to yield
surreptitious , secret
surrogate , substitute
surveillance , observation
susceptibility , vulnerability
suspend , to hang
suture , stitch
svelte , slender
swagger , to strut
swear , to curse
sweltering , very hot
swerve , to turn aside
swill , garbage
swindle , to cheat
sybarite , luxurious person
sycophant , flatterer
syllabus , course outline
syllogism , logical argument
symbiosis , cooperation
symmetry , balance
synchronous , simultaneous
synergic , cooperative
synonymous , equivalent
synopsis , summary
synthesis , combination
tacit , unspoken
taciturn , silent
tackle , to confront
tact , diplomacy
tactile , touchable
tactless , rude
taint , to contaminate
talisman , charm
tame , domestic
tamper , to meddle
tangent , digression
tangible , touchable
tangle , to twist
tangy , sharp taste
tantalize , to tease
tantamount , equivalent
tantrum , outburst
taper , to narrow
tardy , late
tarnish , to discolor
tasty , flavorful
tatty , shabby
taunt , to mock
taut , tight
tawdry , cheap
taxing , demanding
tedious , boring
teeming , abundant
teeter , to wobble
teetotalism , abstinence
telling , revealing
temerity , audacity
temperate , moderate
tempestuous , stormy
temporal , time-related
temporize , to delay
tenable , defensible
tenacious , persistent
tendentious , biased
tender , soft; to offer
tentative , hesitant
tenuous , weak
tepid , lukewarm
terminology , vocabulary
terminus , end
terror , fear
terse , concise
testimony , evidence
testy , irritable
tether , to tie
theatrical , dramatic
therapeutic , healing
thick-skinned , insensitive
thorny , difficult
threadbare , worn out
thrill , excitement
throng , crowd
thwart , to prevent
ticklish , sensitive
tiff , quarrel
tightfisted , stingy
timely , opportune
timeworn , old
timid , shy
timorous , fearful
tinge , to tint
tinker , to fiddle
tint , color
tirade , rant
toady , flatterer
tonic , invigorator
topsy-turvy , upside down
torpid , sluggish
torpor , lethargy
torrential , pouring
torrid , hot
tortuous , winding
tout , to promote
toy , to play
tractable , manageable
tranquility , calmness
transcend , to exceed
transfigure , to transform
transgress , to sin
transient , temporary
transitory , fleeting
translucent , semi-transparent
transparent , clear
travail , hard work
traverse , to cross
travesty , mockery
treacherous , disloyal
trenchant , sharp
trepidation , fear
trespass , to intrude
tribute , praise
trickle , to drip
trifle , to treat lightly
trifling , trivial
trite , overused
trivial , unimportant
truant , absentee
truce , ceasefire
truculent , aggressive
trudge , to walk heavily
trumpet , to proclaim
truncate , to shorten
truss , to tie
tumult , uproar
turbid , muddy
turbulent , chaotic
turgid , swollen
turmoil , chaos
turncoat , traitor
turpitude , depravity
twig , to understand
tycoon , magnate
typo , printing error
tyrant , dictator
tyro , beginner
ubiquitous , everywhere
umbrage , offense
unanimous , united
unassailable , undeniable
unavailing , useless
uncanny , strange
uncouth , crude
unctuous , oily
underdog , loser
undergird , to support
undermine , to weaken
underscore , to emphasize
understate , to downplay
understudy , substitute
unexceptionable , perfect
unflappable , calm
ungainly , awkward
unimpeachable , blameless
unkempt , messy
unlettered , illiterate
unpretentious , modest
unproductive , fruitless
unremitting , constant
unrequited , not returned
unruly , disorderly
untenable , indefensible
untold , countless
untoward , inappropriate
unwitting , unaware
unwonted , unusual
upbraid , to scold
uphold , to support
urbane , suave
usurp , to seize
utter , to speak
vaccinate , to inoculate
vacillate , to waver
vacuous , empty
vagary , whim
vague , unclear
valediction , farewell
valiant , brave
valid , sound
vanquish , to defeat
vapid , dull
vaporize , to turn to gas
variance , difference
variegated , multicolored
varnish , to gloss
vault , to jump
vaunt , to boast
veer , to turn
vehement , passionate
venal , corrupt
vendor , seller
veneer , facade
venerate , to respect
venial , forgivable
venom , poison
veracious , truthful
verbatim , word for word
verbose , wordy
verdant , green
verify , to confirm
verisimilar , probable
veritable , genuine
vernacular , common language
versatile , adaptable
verse , poetry
versed , experienced
vertigo , dizziness
verve , energy
vessel , ship
vestige , trace
vestigial , remnant
veteran , experienced person
veto , to reject
vex , to annoy
viable , workable
vicarious , secondhand
vicious , cruel
vicissitude , change
victimize , to exploit
vigilant , watchful
vignette , sketch
vigorous , energetic
vile , wicked
vilify , to slander
vim , energy
vindicate , to clear
vindictive , vengeful
virtuoso , expert
virtuous , moral
virulent , poisonous
viscid , sticky
viscous , thick
visionary , idealist
vitality , energy
vitiate , to spoil
vitriolic , caustic
vituperate , to abuse
vivacious , lively
vocation , career
vociferous , loud
volatile , unstable
volition , will
voluble , talkative
voluminous , bulky
voluptuous , sensual
voracious , ravenous
votary , devotee
vouch , to guarantee
vouchsafe , to grant
voyeur , peeping tom
vulgar , crude
vulnerable , defenseless
waddle , to walk clumsily
waffle , to hesitate
waft , to float
wag , to shake
wan , pale
wanderlust , desire to travel
wane , to decrease
want , to lack
wanting , deficient
warmonger , agitator for war
warp , to distort
warrant , to justify
wary , cautious
wastrel , idler
watershed , turning point
wax , to increase
waylay , to ambush
wayward , disobedient
weather , to endure
welter , turmoil
wheedle , to coax
whet , to sharpen
whiff , faint smell
whimsical , fanciful
wholesome , healthy
wicked , evil
willful , deliberate
willy-nilly , haphazardly
wilt , to droop
wily , cunning
wince , to flinch
windbag , talkative person
windy , wordy
winsome , charming
wiretap , to intercept
wistful , longing
wit , intelligence
withdraw , to remove
wither , to shrivel
withhold , to hold back
wizen , to shrivel
wobble , to sway
worldly , sophisticated
worship , to adore
wrangle , to quarrel
wrest , to pull away
wretched , miserable
wrongheaded , stubbornly wrong
wry , twisted
xenophobe , hater of foreigners
yoke , to join
yokel , country bumpkin
zeal , passion
zealot , fanatic
zenith , peak
zesty , lively
